{"test/reward_mean": [[1523473297.6802878, 0, -295.0108561891368]], "test/ep_len_mean": [[1523473297.6803985, 0, 79.7]], "test/reward_std": [[1523473297.680349, 0, 136.29965174653597]]}